{"cameraMode":{"drawMode":0,"name":"Shaded","section":"Shading Mode"},"sceneLighting":true,"audioPlay":false,"sceneViewState":{"m_AlwaysRefresh":false,"showFog":true,"showSkybox":true,"showFlares":true,"showImageEffects":true,"showParticleSystems":true,"showVisualEffectGraphs":true,"m_FxEnabled":true},"in2DMode":false,"pivot":{"x":9.368523597717286,"y":22.535165786743165,"z":-10.246601104736329},"rotation":{"x":0.15484288334846497,"y":-0.3910883665084839,"z":0.06693172454833985,"w":0.9047620892524719},"size":2.898397445678711,"orthographic":false}